﻿<?xml version="1.0" encoding="utf-8" ?>

<Advertisements>
  <Ad>
    <ImageUrl>~/src/google.png</ImageUrl>
    <NavigateUrl>https://www.google.com</NavigateUrl>
    <AlternateText>Google</AlternateText>
    <Impression>1</Impression>
    <Keyword>Google</Keyword>
  </Ad>
  <Ad>
    <ImageUrl>~/src/gmail.png</ImageUrl>
    <NavigateUrl>https://www.gmail.com</NavigateUrl>
    <AlternateText>Gmail</AlternateText>
    <Impression>2</Impression>
    <Keyword>Google</Keyword>
  </Ad>
  <Ad>
    <ImageUrl>~/src/youtube.png</ImageUrl>
    <NavigateUrl>https://www.youtube.com</NavigateUrl>
    <AlternateText>Youtube</AlternateText>
    <Impression>3</Impression>
    <Keyword>Google</Keyword>
  </Ad>
  <Ad>
    <ImageUrl>~/src/instagram.png</ImageUrl>
    <NavigateUrl>https://www.instagram.com</NavigateUrl>
    <AlternateText>Instagram</AlternateText>
    <Impression>4</Impression>
    <Keyword>Social</Keyword>
  </Ad>
  <Ad>
    <ImageUrl>~/src/facebook.png</ImageUrl>
    <NavigateUrl>https://www.facebook.com</NavigateUrl>
    <AlternateText>Facebook</AlternateText>
    <Impression>5</Impression>
    <Keyword>Social</Keyword>
  </Ad>
  <Ad>
    <ImageUrl>~/src/discord.png</ImageUrl>
    <NavigateUrl>https://www.discord.gg</NavigateUrl>
    <AlternateText>Discord</AlternateText>
    <Impression>66</Impression>
    <Keyword>Social</Keyword>
  </Ad>
</Advertisements>